{
  "folds": [
    {
      "fold": 1,
      "n_train": 481,
      "n_val": 104,
      "n_test": 104,
      "baseline_accuracy": 0.7019230769230769,
      "baseline_f1": 0.8248587570621468,
      "train_accuracy": 0.8690228690228691,
      "train_f1": 0.9145183175033921,
      "train_auroc": 0.9852456313880646,
      "val_accuracy": 0.7019230769230769,
      "val_f1": 0.8098159509202454,
      "val_auroc": 0.6712328767123288,
      "test_accuracy": 0.7403846153846154,
      "test_f1": 0.8280254777070064,
      "test_auroc": 0.7176314626601856
    }
  ],
  "avg_baseline_accuracy": 0.7019230769230769,
  "avg_baseline_f1": 0.8248587570621468,
  "avg_train_accuracy": 0.8690228690228691,
  "avg_train_f1": 0.9145183175033921,
  "avg_train_auroc": 0.9852456313880646,
  "avg_val_auroc": 0.6712328767123288,
  "avg_test_accuracy": 0.7403846153846154,
  "avg_test_f1": 0.8280254777070064,
  "avg_test_auroc": 0.7176314626601856,
  "feature_dim": 896,
  "n_samples": 689,
  "n_folds": 1,
  "extract_time_s": 185.1771011352539
}